d_model,n_layers,n_heads,head_dim,d_ff,seq_len,batch,precision,optimizer,GT_TFLOPs,avg_util_pct,frontier_ge80
2048,6,16,128,8192,256,8,fp16,adamw,5192,98,yes
1024,6,8,128,4096,256,8,fp16,adamw,4099,97,yes
2048,6,16,128,8192,256,32,fp16,adamw,3801,99,yes
2048,6,16,128,8192,512,16,fp16,adamw,3611,99,yes
1024,3,8,128,4096,256,8,fp16,adamw,3610,96,yes
2048,6,16,128,8192,1024,8,fp16,adamw,3550,99,yes
1536,6,12,128,12288,512,16,fp16,adamw,3412,99,yes
768,6,8,96,3072,256,16,fp16,adamw,3378,97,yes
2048,6,16,128,8192,256,16,fp16,adamw,3375,98,yes
1536,6,12,128,12288,1024,8,fp16,adamw,3360,99,yes
1024,6,8,128,8192,512,32,fp16,adamw,3351,99,yes
1024,6,8,128,8192,1024,16,fp16,adamw,3232,99,yes
2048,6,16,128,8192,512,8,fp16,adamw,3175,98,yes
1024,12,4,256,4096,512,16,fp16,adamw,3143,99,yes
1024,6,8,128,8192,512,16,fp16,adamw,3129,98,yes
1536,12,12,128,6144,512,16,fp16,sgd,3058,98,yes
512,6,8,64,2048,256,16,fp16,adamw,3001,95,yes
1536,12,12,128,6144,512,8,fp16,adamw,2987,99,yes
1536,6,12,128,6144,512,32,fp16,adamw,2987,99,yes
1536,6,12,128,6144,256,32,fp16,adamw,2914,99,yes
512,3,8,64,2048,512,8,fp16,adamw,2904,94,yes
1536,6,12,128,6144,512,16,fp16,adamw,2881,99,yes
1536,12,12,128,6144,256,16,fp16,adamw,2862,98,yes
1024,12,8,128,4096,512,8,fp16,adamw,2858,98,yes
1536,16,12,128,6144,256,8,fp16,adamw,2827,98,yes
1024,6,8,128,8192,512,8,fp16,adamw,2821,98,yes
1024,6,8,128,8192,1024,8,fp16,adamw,2804,98,yes
1024,6,8,128,4096,256,32,fp16,adamw,2794,98,yes
1536,6,12,128,6144,1024,16,fp16,adamw,2792,99,yes
1024,12,8,128,4096,1024,16,fp16,sgd,2766,99,yes
1024,12,8,128,4096,256,16,fp16,adamw,2747,98,yes
1024,16,8,128,4096,256,32,fp16,adamw,2739,99,yes
1024,12,8,128,4096,512,16,fp16,sgd,2736,99,yes
1024,16,8,128,4096,512,16,fp16,adamw,2714,98,yes
1024,12,8,128,4096,512,32,fp16,adamw,2704,99,yes
1536,6,12,128,6144,1024,8,fp16,adamw,2697,98,yes
768,24,8,96,3072,512,16,fp16,adamw,2697,98,yes
1536,6,12,128,12288,512,8,fp16,adamw,2660,98,yes
1024,12,16,64,4096,512,16,fp16,adamw,2638,99,yes
1536,6,12,128,6144,512,8,fp16,adamw,2632,98,yes
1024,16,8,128,4096,1024,8,fp16,adamw,2624,99,yes
1024,12,8,128,4096,1024,16,fp16,adamw,2624,99,yes
1024,6,8,128,4096,1024,32,fp16,adamw,2589,99,yes
1024,6,8,128,4096,512,32,fp16,adamw,2573,99,yes
1024,12,8,128,4096,256,32,fp16,adamw,2568,98,yes
1024,12,8,128,4096,1024,8,fp16,adamw,2553,99,yes
1024,12,8,128,4096,512,16,fp16,adamw,2524,99,yes
1024,6,8,128,4096,1024,16,fp16,adamw,2518,99,yes
1024,16,8,128,4096,512,8,fp16,adamw,2508,98,yes
1024,12,16,64,4096,2048,4,fp16,adamw,2495,99,yes
1024,12,32,32,4096,512,16,fp16,adamw,2492,98,yes
1536,6,12,128,6144,256,16,fp16,adamw,2474,98,yes
1024,6,8,128,4096,1024,8,fp16,adamw,2438,99,yes
1024,12,16,64,4096,2048,8,fp16,adamw,2433,99,yes
1024,6,8,128,4096,512,16,fp16,adamw,2419,99,yes
1024,6,8,128,4096,128,32,fp16,adamw,2345,98,yes
1024,6,16,64,4096,2048,8,fp16,adamw,2330,98,yes
1024,16,8,128,4096,256,16,fp16,adamw,2283,98,yes
1536,12,12,128,6144,256,8,fp16,adamw,2276,98,yes
1024,12,16,64,4096,4096,4,fp16,adamw,2269,98,yes
768,6,12,64,3072,2048,4,fp16,adamw,2250,98,yes
1024,12,16,64,4096,4096,2,fp16,adamw,2243,99,yes
512,24,8,64,2048,512,32,fp16,adamw,2234,98,yes
768,12,12,64,3072,2048,4,fp16,adamw,2219,98,yes
1024,6,16,64,4096,4096,8,fp16,adamw,2217,98,yes
768,12,12,64,3072,2048,2,fp16,adamw,2212,98,yes
512,24,8,64,2048,512,16,fp16,adamw,2198,98,yes
1024,6,16,64,4096,4096,2,fp16,adamw,2190,99,yes
1024,6,16,64,4096,4096,4,fp16,adamw,2190,98,yes
768,6,12,64,3072,2048,8,fp16,adamw,2155,99,yes
768,12,12,64,3072,2048,8,fp16,adamw,2155,98,yes
512,32,8,64,2048,512,16,fp16,adamw,2139,97,yes
1024,12,8,128,4096,256,8,fp16,adamw,2136,97,yes
1536,6,12,128,6144,256,8,fp16,adamw,2133,98,yes
768,12,12,64,3072,4096,2,fp16,adamw,2075,98,yes
768,6,8,96,3072,128,8,fp16,adamw,2073,77,no
768,6,8,96,3072,512,16,fp16,adamw,2066,97,yes
1024,12,16,64,4096,2048,2,fp16,adamw,2062,97,yes
1024,6,16,64,4096,2048,4,fp16,adamw,2041,99,yes
1024,6,8,128,4096,512,8,fp16,adamw,2032,98,yes
512,12,8,64,2048,1024,16,fp16,adamw,2020,99,yes
768,12,12,64,3072,4096,4,fp16,adamw,2007,98,yes
768,6,12,64,3072,4096,8,fp16,adamw,2007,99,yes
768,6,12,64,3072,4096,2,fp16,adamw,1998,98,yes
768,6,12,64,3072,4096,4,fp16,adamw,1990,99,yes
1024,16,8,128,4096,256,8,fp16,adamw,1966,97,yes
1024,6,16,64,4096,2048,2,fp16,adamw,1948,97,yes
1024,6,8,128,4096,256,16,fp16,adamw,1938,98,yes
768,6,12,64,3072,2048,2,fp16,adamw,1651,97,yes
1024,12,8,128,4096,512,16,fp32,adamw,733,99,yes
768,6,8,96,3072,512,16,fp32,adamw,674,99,yes
